{"cameraMode":{"drawMode":0,"name":"Shaded","section":"Shading Mode"},"sceneLighting":false,"audioPlay":false,"sceneViewState":{"showFog":true,"showMaterialUpdate":false,"showSkybox":false,"showFlares":true,"showImageEffects":true,"showParticleSystems":true},"in2DMode":false,"pivot":{"x":2.2575950622558595,"y":29.94662094116211,"z":-12.967092514038086},"rotation":{"x":-0.09404463320970535,"y":0.8876984119415283,"z":-0.20907564461231233,"w":-0.3992989659309387},"size":1.1069471836090088,"orthographic":false}