{"cameraMode":{"drawMode":0,"name":"Shaded","section":"Shading Mode"},"sceneLighting":false,"audioPlay":false,"sceneViewState":{"showFog":true,"showMaterialUpdate":false,"showSkybox":false,"showFlares":true,"showImageEffects":true,"showParticleSystems":true},"in2DMode":false,"pivot":{"x":-3.9729554653167726,"y":0.7278556823730469,"z":6.8905816078186039},"rotation":{"x":-0.055161911994218829,"y":0.9442228078842163,"z":-0.2464473992586136,"w":-0.211343914270401},"size":0.9310693740844727,"orthographic":false}