{"cameraMode":{"drawMode":0,"name":"Shaded","section":"Shading Mode"},"sceneLighting":false,"audioPlay":false,"sceneViewState":{"showFog":true,"showMaterialUpdate":false,"showSkybox":false,"showFlares":true,"showImageEffects":true,"showParticleSystems":true},"in2DMode":false,"pivot":{"x":2.0907857418060304,"y":31.345855712890626,"z":-12.551276206970215},"rotation":{"x":0.0005046669393777847,"y":0.999386191368103,"z":0.016181783750653268,"w":-0.031189901754260064},"size":3.3208401203155519,"orthographic":false}