{"cameraMode":{"drawMode":0,"name":"Shaded","section":"Shading Mode"},"sceneLighting":false,"audioPlay":false,"sceneViewState":{"showFog":true,"showMaterialUpdate":false,"showSkybox":false,"showFlares":true,"showImageEffects":true,"showParticleSystems":true},"in2DMode":false,"pivot":{"x":-1.674462080001831,"y":30.051530838012697,"z":-12.982129096984864},"rotation":{"x":-0.08127565681934357,"y":0.9032143354415894,"z":-0.197061225771904,"w":-0.372538298368454},"size":1.3693430423736573,"orthographic":false}